iteration,residual
0,1.9852864837709778
1,0.6729228737110753
2,0.23389305702663948
3,0.11030188680528537
4,0.00000000000000015974533408876415
