iteration,residual
0,15.86404509257248
1,2.2982127631414366
2,0.4501093290926365
3,0.1020882061292344
4,0.016453092254021747
5,0.004199647134453015
6,0.000630702504975583
7,0.0001678154673422504
8,0.00002478841347047732
9,0.000006724254737933649
10,0.000000990061776031765
